id;spark_id;user_id;date;body;url
1;26005;1153;2024-08-28;finally;https://soulful-consulting.biz
2;21150;6171;2024-08-28;delete;https://surprised-optimization.com
3;24280;28141;2024-08-28;memorial whenever;https://aged-judo.com
4;1089;3502;2024-08-28;tremendous forenenst;https://monumental-inconvenience.info/
5;22169;4039;2024-08-28;boohoo zowie;https://advanced-curler.net/
6;15971;4292;2024-08-28;dental;https://prize-arm.name
7;20657;13052;2024-08-27;chard now phooey;https://rewarding-window.org/
8;9050;30997;2024-08-28;modulo;https://rash-linseed.info
9;19232;23120;2024-08-28;up;https://gregarious-forecast.name/
10;15082;3555;2024-08-28;bravely redirect;https://hateful-laundry.info/
