id;user_id;user_name;first_name;last_name;created_date
1;17709;with justly;Sherwood;Botsford;2024-08-28
2;22970;whoever inside;Llewellyn;Miller;2024-08-28
3;15670;or a robotics;Oda;Davis;2024-08-28
4;19357;rigidly;Daija;Murazik;2024-08-28
5;21427;pass psst needily;Olaf;Doyle;2024-08-28
6;15658;acidly proportion;Connie;Sawayn;2024-08-28
7;24111;provided unlike insubstantial;Rafael;Friesen;2024-08-28
8;911;cytokine that;Baby;Reichel;2024-08-28
9;13342;plot sprint fine;Jordi;Quigley;2024-08-28
10;324;rubbery chastity;Billie;Pouros;2024-08-28
